Popular Washing Machines,Price,Rating
BOSCH 9 kg Fully Automatic Front Load Washing Machine with In-built Heater White,"₹37,990",4.4
BOSCH 9 kg Fully Automatic Front Load Washing Machine with In-built Heater Grey,"₹39,900",4.4
"SAMSUNG 9 kg 5 Star, Eco Bubble Technology, AI Control , Wi-Fi Enabled , Digital Inverter Motor, Hygie...","₹41,990",4.4
"SAMSUNG 8 kg Fully Automatic Front Load Washing Machine with In-built Heater Black, Grey","₹36,990",4.4
"IFB 7 kg 5 Star 2X Power Steam,Hard Water Wash Fully Automatic Front Load Washing Machine with In-buil...","₹24,990",4.3
"LG 7 kg 5 Star with Steam, Inverter Direct Drive Technology, 6 Motion DD, Touch Panel and 1200 RPM Ful...","₹29,990",4.4
"LG 7 kg 5 Star with Steam, Inverter Direct Drive Technology, 6 Motion Direct Drive, Touch Panel and 12...","₹27,990",4.4
"BOSCH 8 kg AntiTangle,AntiVibration,1400RPM Fully Automatic Front Load Washing Machine with In-built H...","₹34,900",4.4
"IFB 8 kg 5 Star with Steam Refresh program, 9 Swirl Wash, Eco Inverter, Touch Panel with AI Fully Auto...","₹32,990",4.3
"IFB 8 kg 5 Star with Steam Refresh program, 9 Swirl Wash, Eco Inverter, Touch Panel with AI Fully Auto...","₹33,990",4.3
"BOSCH 7 kg with Steam Fully Automatic Front Load Washing Machine with In-built Heater Black, Grey","₹30,999",4.4
Voltas Beko by A Tata Product 6.5 kg 5 star Fully Automatic Front Load Washing Machine with In-built H...,"₹21,990",3.9
"IFB 6 kg Fully Automatic Front Load Washing Machine with In-built Heater Black, White","₹21,990",4.3
"Whirlpool 7 kg Steam Technology 5 Star Inverter 100+ Tough Stains, 6th Sense Soft Move Fully Automatic...","₹26,990",4
"IFB 9 kg 5 Star with Steam Refresh program, 9 Swirl Wash, Eco Inverter, with AI Fully Automatic Front ...","₹37,990",4.3
"SAMSUNG 7 kg 5 Star, AI, Wi-Fi, Digital Inverter Fully Automatic Front Load Washing Machine with In-bu...","₹30,990",4.4
BOSCH 8 kg Fully Automatic Front Load Washing Machine with In-built Heater Black,"₹36,490",3.9
"Haier 9 kg Fully Automatic Front Load Washing Machine with In-built Heater Black, Blue","₹36,990",4.4
"LG 6.5 kg 5 Star with Steam, Inverter Direct Drive, 6 Motion Direct Drive, Touch Panel, 1000 RPM Fully...","₹25,490",4.4
"MOTOROLA 7 kg Digital Inverter, Super Steam Technology with In-built Heater Grey (MTFL705NHNJG) Fully ...","₹19,990",4.1
SAMSUNG 9 kg Fully Automatic Front Load Washing Machine Black,"₹39,990",4.4
"Electrolux 8 kg 5 Star EcoInverter, 40C Vapour Wash,UltimateCare 300 Fully Automatic Front Load Washin...","₹29,990",4.2
"SAMSUNG 8 kg 5 Star, Inverter, Hygiene Steam Digital Inverter Fully Automatic Front Load Washing Machi...","₹30,990",4.4
"MOTOROLA 8 kg Digital Inverter, Super Steam Technology with In-built Heater Grey (MTFL805NHNJG) Fully ...","₹22,790",4.1
